actual_training_epochs,best_accuracy,dataset,final_antidecouple_gap,final_antidecouple_rho_l,final_ce_loss,final_cross_layer_weight_max,final_cross_layer_weight_mean,final_cross_layer_weight_min,final_duplicate_task_fraction,final_duplicate_task_mass,final_gate_relevance_mean,final_grad_projection_abs_cos_mean,final_grad_projection_norm_shrink_mean,final_hull_score_mean,final_hull_size_mean,final_non_replaceable_task_fraction,final_non_replaceable_task_mass,final_peer_reconstructability_mean,final_regularizer_raw,final_regularizer_weight,final_regularizer_weighted,final_rho_cap,final_rtc_relevance_mean,final_synergy_raw_mean,final_task_gate_mean,final_task_relevance_mean,final_total_loss,final_train_accuracy,has_pruning,has_results,initial_accuracy,learning_rule_anti_decouple_target_rho,learning_rule_cross_layer_alloc,learning_rule_cross_layer_alpha,learning_rule_grad_projection_strength,learning_rule_hull_eps,learning_rule_hull_max_size,learning_rule_lambda,learning_rule_peer_proxy,learning_rule_schedule,learning_rule_task_gate_source,method,metric_trigger_epoch,model,name,pruning_baseline_accuracy,ramp_epochs,regularized_layers,run_dir,seed,training_complete,training_epochs,warmup_epochs,width_multiplier
200,0.7665,cifar100,,,0.014586904126664867,,,,,,,,,,,,,,0.0,0.0,,,,,,,0.014586904126664867,0.7649,True,True,0.0113,,uniform,1.0,,,,0.0,avg_corr2,warmup,task,bp,,resnet18,lr_resnet18_cifar100_bp_baseline,0.7664,0,0,results/learning_rules/resnet18_cifar100/lr_resnet18_cifar100_bp_baseline_20260513_195455_12797069,42,True,200,0,
200,0.7669,cifar100,,,0.014337213274062899,,,,,,,,,,,,,,0.0,0.0,,,,,,,0.014337213274062899,0.7649,True,True,0.01,,uniform,1.0,,,,0.0,avg_corr2,warmup,task,bp,,resnet18,lr_resnet18_cifar100_bp_baseline,0.7665,0,0,results/learning_rules/resnet18_cifar100/lr_resnet18_cifar100_bp_baseline_20260513_203933_12797070,123,True,200,0,
200,0.7656,cifar100,,,0.015070426935220467,,,,,,,,,,,,,,0.0,0.0,,,,,,,0.015070426935220467,0.7636,True,True,0.0057,,uniform,1.0,,,,0.0,avg_corr2,warmup,task,bp,,resnet18,lr_resnet18_cifar100_bp_baseline,0.7659,0,0,results/learning_rules/resnet18_cifar100/lr_resnet18_cifar100_bp_baseline_20260513_212353_12797071,456,True,200,0,
200,0.7639,cifar100,,,0.014535149704674474,,,,,,,,,,,,,,0.0,0.0,,,,,,,0.014535149704674474,0.7614,True,True,0.01,,uniform,1.0,,,,0.0,avg_corr2,warmup,task,bp,,resnet18,lr_resnet18_cifar100_bp_baseline,0.7644,0,0,results/learning_rules/resnet18_cifar100/lr_resnet18_cifar100_bp_baseline_20260513_214528_12797072,789,True,200,0,
200,0.7713,cifar100,,,0.014621352714955654,,,,,,,,,,,,,,0.0,0.0,,,,,,,0.014621352714955654,0.7691,True,True,0.0098,,uniform,1.0,,,,0.0,avg_corr2,warmup,task,bp,,resnet18,lr_resnet18_cifar100_bp_baseline,0.7713,0,0,results/learning_rules/resnet18_cifar100/lr_resnet18_cifar100_bp_baseline_20260513_215107_12797073,1011,True,200,0,
200,0.7677,cifar100,,,0.014135984281111328,,,,,,,,,,,,,,0.039981540473525784,0.001,,,,,,,0.01417596584729031,0.7664,True,True,0.0113,,uniform,1.0,,,,0.001,avg_corr2,warmup,task,bp_decov,,resnet18,lr_resnet18_cifar100_bp_decov,0.7673,5,20,results/learning_rules/resnet18_cifar100/lr_resnet18_cifar100_bp_decov_20260513_220758_12797074,42,True,200,10,
200,0.7664,cifar100,,,0.014159560126140523,,,,,,,,,,,,,,0.042021593779249265,0.001,,,,,,,0.014201581747273503,0.7651,True,True,0.01,,uniform,1.0,,,,0.001,avg_corr2,warmup,task,bp_decov,,resnet18,lr_resnet18_cifar100_bp_decov,0.7665,5,20,results/learning_rules/resnet18_cifar100/lr_resnet18_cifar100_bp_decov_20260513_220825_12797075,123,True,200,10,
200,0.7639,cifar100,,,0.014705795541053156,,,,,,,,,,,,,,0.041907386192122996,0.001,,,,,,,0.014747702957266736,0.7616,True,True,0.0057,,uniform,1.0,,,,0.001,avg_corr2,warmup,task,bp_decov,,resnet18,lr_resnet18_cifar100_bp_decov,0.7637,5,20,results/learning_rules/resnet18_cifar100/lr_resnet18_cifar100_bp_decov_20260513_223022_12797076,456,True,200,10,
200,0.7637,cifar100,,,0.01460589289717624,,,,,,,,,,,,,,0.04079335512560042,0.001,,,,,,,0.014646686239601553,0.7604,True,True,0.01,,uniform,1.0,,,,0.001,avg_corr2,warmup,task,bp_decov,,resnet18,lr_resnet18_cifar100_bp_decov,0.7636,5,20,results/learning_rules/resnet18_cifar100/lr_resnet18_cifar100_bp_decov_20260513_223546_12797077,789,True,200,10,
200,0.7639,cifar100,,,0.014729320374138825,,,,,,,,,,,,,,0.041658533999072316,0.001,,,,,,,0.01477097893190925,0.7639,True,True,0.0098,,uniform,1.0,,,,0.001,avg_corr2,warmup,task,bp_decov,,resnet18,lr_resnet18_cifar100_bp_decov,0.7642,5,20,results/learning_rules/resnet18_cifar100/lr_resnet18_cifar100_bp_decov_20260513_224356_12797078,1011,True,200,10,
200,0.7667,cifar100,,,0.014530773400841161,,,,,,,,,,,,,,0.02105882892961545,0.001,,,,,,,0.014551832246572693,0.7656,True,True,0.0113,,uniform,1.0,,,,0.001,avg_corr2,warmup,task,bp_rtp,,resnet18,lr_resnet18_cifar100_bp_rtp,0.7666,5,20,results/learning_rules/resnet18_cifar100/lr_resnet18_cifar100_bp_rtp_20260514_004954_12797086,42,True,200,10,
200,0.768,cifar100,,,0.014311248778372698,,,,,,,,,,,,,,0.02173267975640114,0.001,,,,,,,0.014332981446705511,0.7673,True,True,0.01,,uniform,1.0,,,,0.001,avg_corr2,warmup,task,bp_rtp,,resnet18,lr_resnet18_cifar100_bp_rtp,0.7684,5,20,results/learning_rules/resnet18_cifar100/lr_resnet18_cifar100_bp_rtp_20260514_011340_12797087,123,True,200,10,
200,0.7649,cifar100,,,0.01480265153581491,,,,,,,,,,,,,,0.021413344746965275,0.001,,,,,,,0.014824064864117243,0.7626,True,True,0.0057,,uniform,1.0,,,,0.001,avg_corr2,warmup,task,bp_rtp,,resnet18,lr_resnet18_cifar100_bp_rtp,0.7652,5,20,results/learning_rules/resnet18_cifar100/lr_resnet18_cifar100_bp_rtp_20260514_011340_12797088,456,True,200,10,
200,0.7641,cifar100,,,0.0150795108138505,,,,,,,,,,,,,,0.021275420165847023,0.001,,,,,,,0.015100786213517722,0.763,True,True,0.01,,uniform,1.0,,,,0.001,avg_corr2,warmup,task,bp_rtp,,resnet18,lr_resnet18_cifar100_bp_rtp,0.7637,5,20,results/learning_rules/resnet18_cifar100/lr_resnet18_cifar100_bp_rtp_20260514_012152_12797089,789,True,200,10,
200,0.7665,cifar100,,,0.014572189224031194,,,,,,,,,,,,,,0.020997517520699966,0.001,,,,,,,0.014593186717994911,0.7651,True,True,0.0098,,uniform,1.0,,,,0.001,avg_corr2,warmup,task,bp_rtp,,resnet18,lr_resnet18_cifar100_bp_rtp,0.7662,5,20,results/learning_rules/resnet18_cifar100/lr_resnet18_cifar100_bp_rtp_20260514_012153_12797090,1011,True,200,10,
200,0.7631,cifar100,,,0.015086248902904104,,,,,,,,,,,,,,0.01105849154036292,0.001,,,,,,,0.015097307393808499,0.7631,True,True,0.0113,,uniform,1.0,,,,0.001,avg_corr2,warmup,task,bp_tard,,resnet18,lr_resnet18_cifar100_bp_tard,0.763,5,20,results/learning_rules/resnet18_cifar100/lr_resnet18_cifar100_bp_tard_20260513_233840_12797080,42,True,200,10,
200,0.7644,cifar100,,,0.014310385307768727,,,,,,,,,,,,,,0.011208822038453406,0.001,,,,,,,0.014321594126284351,0.7644,True,True,0.01,,uniform,1.0,,,,0.001,avg_corr2,warmup,task,bp_tard,,resnet18,lr_resnet18_cifar100_bp_tard,0.7645,5,20,results/learning_rules/resnet18_cifar100/lr_resnet18_cifar100_bp_tard_20260513_233851_12797082,123,True,200,10,
200,0.764,cifar100,,,0.015139776828658321,,,,,,,,,,,,,,0.011263343026799618,0.001,,,,,,,0.015151040140263108,0.764,True,True,0.0057,,uniform,1.0,,,,0.001,avg_corr2,warmup,task,bp_tard,,resnet18,lr_resnet18_cifar100_bp_tard,0.764,5,20,results/learning_rules/resnet18_cifar100/lr_resnet18_cifar100_bp_tard_20260514_000205_12797083,456,True,200,10,
200,0.7683,cifar100,,,0.014728687021195355,,,,,,,,,,,,,,0.011363035582406136,0.001,,,,,,,0.014740050067682095,0.7649,True,True,0.01,,uniform,1.0,,,,0.001,avg_corr2,warmup,task,bp_tard,,resnet18,lr_resnet18_cifar100_bp_tard,0.7678,5,20,results/learning_rules/resnet18_cifar100/lr_resnet18_cifar100_bp_tard_20260514_000701_12797084,789,True,200,10,
200,0.7699,cifar100,,,0.014814527789869195,,,,,,,,,,,,,,0.010921274071268718,0.001,,,,,,,0.014825449086954373,0.7682,True,True,0.0098,,uniform,1.0,,,,0.001,avg_corr2,warmup,task,bp_tard,,resnet18,lr_resnet18_cifar100_bp_tard,0.7705,5,20,results/learning_rules/resnet18_cifar100/lr_resnet18_cifar100_bp_tard_20260514_001500_12797085,1011,True,200,10,
100,0.7158,cifar100,-0.14351993588735074,0.1564800641126492,0.2755937977596317,,,,,,,,,,,,,,0.0463923387785616,0.3,0.01391770163356848,,,,,,0.28951150026467753,0.7147,True,True,0.0129,0.3,uniform,1.0,0.0,0.05,10,0.3,avg_corr2,warmup,task,bp_antidecouple,,cifar_resnet18,resnet18_cifar100_bp_antidecouple_w0p35_lam0p3_e100,0.7158,5,20,results/learning_rules/resnet18_cifar100/resnet18_cifar100_bp_antidecouple_w0p35_lam0p3_e100_20260517_182358_13534867,42,True,100,10,0.35
100,0.7146,cifar100,-0.12740014611401426,0.17259985388598575,0.27862558027972345,,,,,,,,,,,,,,0.041710757084733915,0.3,0.012513227125420174,,,,,,0.2911388078309081,0.7133,True,True,0.0099,0.3,uniform,1.0,0.0,0.05,10,0.3,avg_corr2,warmup,task,bp_antidecouple,,cifar_resnet18,resnet18_cifar100_bp_antidecouple_w0p35_lam0p3_e100,0.7154,5,20,results/learning_rules/resnet18_cifar100/resnet18_cifar100_bp_antidecouple_w0p35_lam0p3_e100_20260517_182419_13534869,123,True,100,10,0.35
100,0.7176,cifar100,-0.1383369478619975,0.16166305213800275,0.28532818039817276,,,,,,,,,,,,,,0.044612350471703636,0.3,0.01338370514151109,,,,,,0.29871188595776665,0.7166,True,True,0.0099,0.3,uniform,1.0,0.0,0.05,10,0.3,avg_corr2,warmup,task,bp_antidecouple,,cifar_resnet18,resnet18_cifar100_bp_antidecouple_w0p35_lam0p3_e100,0.7175,5,20,results/learning_rules/resnet18_cifar100/resnet18_cifar100_bp_antidecouple_w0p35_lam0p3_e100_20260517_182432_13534871,456,True,100,10,0.35
100,0.729,cifar100,-0.14226955170873296,0.15773044829126712,0.13625337274940422,,,,,,,,,,,,,,0.044394952986422744,0.3,0.013318485895926822,,,,,,0.1495718590705596,0.7253,True,True,0.0097,0.3,uniform,1.0,0.0,0.05,10,0.3,avg_corr2,warmup,task,bp_antidecouple,,cifar_resnet18,resnet18_cifar100_bp_antidecouple_w0p5_lam0p3_e100,0.7288,5,20,results/learning_rules/resnet18_cifar100/resnet18_cifar100_bp_antidecouple_w0p5_lam0p3_e100_20260517_182433_13534873,42,True,100,10,0.5
79,0.689,cifar100,-0.1419508579356307,0.15804914206436932,0.4611439521965163,,,,,,,,,,,,,,0.04591101967572423,0.3,0.013773305902717269,,,,,,0.47491725776201626,0.689,False,False,0.01,0.3,uniform,1.0,0.0,0.05,10,0.3,avg_corr2,warmup,task,bp_antidecouple,,cifar_resnet18,resnet18_cifar100_bp_antidecouple_w0p5_lam0p3_e100,,5,20,results/learning_rules/resnet18_cifar100/resnet18_cifar100_bp_antidecouple_w0p5_lam0p3_e100_20260517_185733_13534877,456,False,100,10,0.5
78,0.695,cifar100,-0.1368324830674294,0.16316751693257073,0.48320752412766754,,,,,,,,,,,,,,0.04377963043966085,0.3,0.013133889131898254,,,,,,0.4963414143494633,0.695,False,False,0.01,0.3,uniform,1.0,0.0,0.05,10,0.3,avg_corr2,warmup,task,bp_antidecouple,,cifar_resnet18,resnet18_cifar100_bp_antidecouple_w0p5_lam0p3_e100,,5,20,results/learning_rules/resnet18_cifar100/resnet18_cifar100_bp_antidecouple_w0p5_lam0p3_e100_20260517_185800_13534875,123,False,100,10,0.5
100,0.758,cifar100,-0.15601207749947332,0.14398792250052658,0.03062958049271113,,,,,,,,,,,,,,0.04609552465969949,0.3,0.013828657397909847,,,,,,0.044458238412733275,0.7564,True,True,0.0111,0.3,uniform,1.0,0.0,0.05,10,0.3,avg_corr2,warmup,task,bp_antidecouple,,cifar_resnet18,resnet18_cifar100_bp_antidecouple_w1_lam0p3_e100,0.7582,5,20,results/learning_rules/resnet18_cifar100/resnet18_cifar100_bp_antidecouple_w1_lam0p3_e100_20260517_182213_13534657,123,True,100,10,1
100,0.7587,cifar100,-0.16627793618933562,0.13372206381066437,0.028890894316232114,,,,,,,,,,,,,,0.05074014270420917,0.3,0.015222042811262751,,,,,,0.04411293785838063,0.7579,True,True,0.01,0.3,uniform,1.0,0.0,0.05,10,0.3,avg_corr2,warmup,task,bp_antidecouple,,cifar_resnet18,resnet18_cifar100_bp_antidecouple_w1_lam0p3_e100,0.7587,5,20,results/learning_rules/resnet18_cifar100/resnet18_cifar100_bp_antidecouple_w1_lam0p3_e100_20260517_182256_13534679,456,True,100,10,1
100,0.7588,cifar100,-0.15168276786793414,0.14831723213206585,0.029837242032275023,,,,,,,,,,,,,,0.04551897710665603,0.3,0.01365569313199681,,,,,,0.04349293566935355,0.7588,True,True,0.01,0.3,uniform,1.0,0.0,0.05,10,0.3,avg_corr2,warmup,task,bp_antidecouple,,cifar_resnet18,resnet18_cifar100_bp_antidecouple_w1_lam0p3_e100,0.7592,5,20,results/learning_rules/resnet18_cifar100/resnet18_cifar100_bp_antidecouple_w1_lam0p3_e100_20260517_182258_13534655,42,True,100,10,1
100,0.7177,cifar100,,,0.27478525107321533,,,,,,,,,,,,,,0.0,0.0,0.0,,,,,,0.27478525107321533,0.7171,True,True,0.0129,,uniform,1.0,,,,0.0,avg_corr2,warmup,task,bp,,cifar_resnet18,resnet18_cifar100_bp_baseline_w0p35_e100,0.7179,0,0,results/learning_rules/resnet18_cifar100/resnet18_cifar100_bp_baseline_w0p35_e100_20260515_004055_12988834,42,True,100,0,0.35
100,0.7161,cifar100,,,0.2808607226747381,,,,,,,,,,,,,,0.0,0.0,0.0,,,,,,0.2808607226747381,0.7129,True,True,0.0099,,uniform,1.0,,,,0.0,avg_corr2,warmup,task,bp,,cifar_resnet18,resnet18_cifar100_bp_baseline_w0p35_e100,0.716,0,0,results/learning_rules/resnet18_cifar100/resnet18_cifar100_bp_baseline_w0p35_e100_20260515_004702_12988836,123,True,100,0,0.35
100,0.7203,cifar100,,,0.26855151488652923,,,,,,,,,,,,,,0.0,0.0,0.0,,,,,,0.26855151488652923,0.7203,True,True,0.0099,,uniform,1.0,,0.05,10,0.3,avg_corr2,warmup,task,bp,,cifar_resnet18,resnet18_cifar100_bp_baseline_w0p35_lam0p3_e100,0.7197,0,0,results/learning_rules/resnet18_cifar100/resnet18_cifar100_bp_baseline_w0p35_lam0p3_e100_20260515_163735_13121603,456,True,100,0,0.35
100,0.7188,cifar100,,,0.27457622840733786,,,,,,,,,,,,,,0.0,0.0,0.0,,,,,,0.27457622840733786,0.7169,True,True,0.0089,,uniform,1.0,,0.05,10,0.3,avg_corr2,warmup,task,bp,,cifar_resnet18,resnet18_cifar100_bp_baseline_w0p35_lam0p3_e100,0.7183,0,0,results/learning_rules/resnet18_cifar100/resnet18_cifar100_bp_baseline_w0p35_lam0p3_e100_20260515_165525_13121604,789,True,100,0,0.35
100,0.7214,cifar100,,,0.2860780247794393,,,,,,,,,,,,,,0.0,0.0,0.0,,,,,,0.2860780247794393,0.7206,True,True,0.0105,,uniform,1.0,,0.05,10,0.3,avg_corr2,warmup,task,bp,,cifar_resnet18,resnet18_cifar100_bp_baseline_w0p35_lam0p3_e100,0.7214,0,0,results/learning_rules/resnet18_cifar100/resnet18_cifar100_bp_baseline_w0p35_lam0p3_e100_20260515_165620_13121605,1011,True,100,0,0.35
100,0.7271,cifar100,,,0.13509943294326973,,,,,,,,,,,,,,0.0,0.0,0.0,,,,,,0.13509943294326973,0.7247,True,True,0.0097,,uniform,1.0,,,,0.0,avg_corr2,warmup,task,bp,,cifar_resnet18,resnet18_cifar100_bp_baseline_w0p5_e100,0.7268,0,0,results/learning_rules/resnet18_cifar100/resnet18_cifar100_bp_baseline_w0p5_e100_20260515_002850_12988797,42,True,100,0,0.5
100,0.7324,cifar100,,,0.14088236191845915,,,,,,,,,,,,,,0.0,0.0,0.0,,,,,,0.14088236191845915,0.7315,True,True,0.01,,uniform,1.0,,,,0.0,avg_corr2,warmup,task,bp,,cifar_resnet18,resnet18_cifar100_bp_baseline_w0p5_e100,0.7324,0,0,results/learning_rules/resnet18_cifar100/resnet18_cifar100_bp_baseline_w0p5_e100_20260515_002928_12988811,123,True,100,0,0.5
100,0.7331,cifar100,,,0.13852169961118332,,,,,,,,,,,,,,0.0,0.0,0.0,,,,,,0.13852169961118332,0.7321,True,True,0.01,,uniform,1.0,,0.05,10,0.3,avg_corr2,warmup,task,bp,,cifar_resnet18,resnet18_cifar100_bp_baseline_w0p5_lam0p3_e100,0.7325,0,0,results/learning_rules/resnet18_cifar100/resnet18_cifar100_bp_baseline_w0p5_lam0p3_e100_20260515_165902_13121606,456,True,100,0,0.5
100,0.7275,cifar100,,,0.1405987923445604,,,,,,,,,,,,,,0.0,0.0,0.0,,,,,,0.1405987923445604,0.7275,True,True,0.01,,uniform,1.0,,0.05,10,0.3,avg_corr2,warmup,task,bp,,cifar_resnet18,resnet18_cifar100_bp_baseline_w0p5_lam0p3_e100,0.7274,0,0,results/learning_rules/resnet18_cifar100/resnet18_cifar100_bp_baseline_w0p5_lam0p3_e100_20260515_165902_13121607,789,True,100,0,0.5
100,0.734,cifar100,,,0.13827631186188943,,,,,,,,,,,,,,0.0,0.0,0.0,,,,,,0.13827631186188943,0.734,True,True,0.0104,,uniform,1.0,,0.05,10,0.3,avg_corr2,warmup,task,bp,,cifar_resnet18,resnet18_cifar100_bp_baseline_w0p5_lam0p3_e100,0.7341,0,0,results/learning_rules/resnet18_cifar100/resnet18_cifar100_bp_baseline_w0p5_lam0p3_e100_20260515_171316_13121608,1011,True,100,0,0.5
100,0.7146,cifar100,,,0.28768914835074977,,,,,,,0.15865238610645538,0.9759812482025315,,,,,,0.0,0.0,0.0,,,,,,0.28768914835074977,0.7124,True,True,0.0129,,uniform,1.0,1.0,0.05,10,0.0,avg_corr2,warmup,task,bp,,cifar_resnet18,resnet18_cifar100_bp_gradproj_w0p35_e100,0.7134,0,20,results/learning_rules/resnet18_cifar100/resnet18_cifar100_bp_gradproj_w0p35_e100_20260516_162949_13307931,42,True,100,0,0.35
100,0.7144,cifar100,,,0.2865377118444199,,,,,,,0.1620449241022091,0.9752969412242667,,,,,,0.0,0.0,0.0,,,,,,0.2865377118444199,0.7117,True,True,0.0099,,uniform,1.0,1.0,0.05,10,0.0,avg_corr2,warmup,task,bp,,cifar_resnet18,resnet18_cifar100_bp_gradproj_w0p35_e100,0.7143,0,20,results/learning_rules/resnet18_cifar100/resnet18_cifar100_bp_gradproj_w0p35_e100_20260516_162949_13307933,123,True,100,0,0.35
100,0.7131,cifar100,,,0.28177868889268404,,,,,,,0.15150501135822436,0.9784711207803866,,,,,,0.0,0.0,0.0,,,,,,0.28177868889268404,0.7131,True,True,0.0099,,uniform,1.0,1.0,0.05,10,0.0,avg_corr2,warmup,task,bp,,cifar_resnet18,resnet18_cifar100_bp_gradproj_w0p35_e100,0.7137,0,20,results/learning_rules/resnet18_cifar100/resnet18_cifar100_bp_gradproj_w0p35_e100_20260516_163058_13307934,456,True,100,0,0.35
100,0.7162,cifar100,,,0.276992054089256,,,,,,,0.14420754613254763,0.9854022159295928,,,,,,0.0,0.0,0.0,,,,,,0.276992054089256,0.7151,True,True,0.0129,,uniform,1.0,0.5,0.05,10,0.0,avg_corr2,warmup,task,bp,,cifar_resnet18,resnet18_cifar100_bp_gradproj_w0p35_e100,0.7154,0,20,results/learning_rules/resnet18_cifar100/resnet18_cifar100_bp_gradproj_w0p35_e100_20260516_170327_13307941,42,True,100,0,0.35
100,0.7169,cifar100,,,0.2808509857377128,,,,,,,0.15171823235957504,0.9840889111275563,,,,,,0.0,0.0,0.0,,,,,,0.2808509857377128,0.7155,True,True,0.0099,,uniform,1.0,0.5,0.05,10,0.0,avg_corr2,warmup,task,bp,,cifar_resnet18,resnet18_cifar100_bp_gradproj_w0p35_e100,0.7171,0,20,results/learning_rules/resnet18_cifar100/resnet18_cifar100_bp_gradproj_w0p35_e100_20260516_170832_13307942,123,True,100,0,0.35
100,0.7157,cifar100,,,0.2794031181832409,,,,,,,0.14753135581360285,0.98446796967093,,,,,,0.0,0.0,0.0,,,,,,0.2794031181832409,0.7157,True,True,0.0099,,uniform,1.0,0.5,0.05,10,0.0,avg_corr2,warmup,task,bp,,cifar_resnet18,resnet18_cifar100_bp_gradproj_w0p35_e100,0.7153,0,20,results/learning_rules/resnet18_cifar100/resnet18_cifar100_bp_gradproj_w0p35_e100_20260516_171010_13307943,456,True,100,0,0.35
100,0.7306,cifar100,,,0.1409679135626844,,,,,,,0.15577767719193109,0.976273391512044,,,,,,0.0,0.0,0.0,,,,,,0.1409679135626844,0.7278,True,True,0.0097,,uniform,1.0,1.0,0.05,10,0.0,avg_corr2,warmup,task,bp,,cifar_resnet18,resnet18_cifar100_bp_gradproj_w0p5_e100,0.7305,0,20,results/learning_rules/resnet18_cifar100/resnet18_cifar100_bp_gradproj_w0p5_e100_20260516_163958_13307935,42,True,100,0,0.5
100,0.7297,cifar100,,,0.14204631557168862,,,,,,,0.15420226206350354,0.9766964236183847,,,,,,0.0,0.0,0.0,,,,,,0.14204631557168862,0.7285,True,True,0.01,,uniform,1.0,1.0,0.05,10,0.0,avg_corr2,warmup,task,bp,,cifar_resnet18,resnet18_cifar100_bp_gradproj_w0p5_e100,0.7312,0,20,results/learning_rules/resnet18_cifar100/resnet18_cifar100_bp_gradproj_w0p5_e100_20260516_164512_13307936,123,True,100,0,0.5
100,0.7241,cifar100,,,0.14117302273011878,,,,,,,0.14951615031246493,0.9784439055511104,,,,,,0.0,0.0,0.0,,,,,,0.14117302273011878,0.7241,True,True,0.01,,uniform,1.0,1.0,0.05,10,0.0,avg_corr2,warmup,task,bp,,cifar_resnet18,resnet18_cifar100_bp_gradproj_w0p5_e100,0.7235,0,20,results/learning_rules/resnet18_cifar100/resnet18_cifar100_bp_gradproj_w0p5_e100_20260516_164701_13307937,456,True,100,0,0.5
100,0.7316,cifar100,,,0.13585283376676652,,,,,,,0.14345296168428326,0.985181802267309,,,,,,0.0,0.0,0.0,,,,,,0.13585283376676652,0.7301,True,True,0.0097,,uniform,1.0,0.5,0.05,10,0.0,avg_corr2,warmup,task,bp,,cifar_resnet18,resnet18_cifar100_bp_gradproj_w0p5_e100,0.7311,0,20,results/learning_rules/resnet18_cifar100/resnet18_cifar100_bp_gradproj_w0p5_e100_20260516_172022_13307944,42,True,100,0,0.5
100,0.7338,cifar100,,,0.13413715280611496,,,,,,,0.14271384339703394,0.9850725019374469,,,,,,0.0,0.0,0.0,,,,,,0.13413715280611496,0.7335,True,True,0.01,,uniform,1.0,0.5,0.05,10,0.0,avg_corr2,warmup,task,bp,,cifar_resnet18,resnet18_cifar100_bp_gradproj_w0p5_e100,0.7334,0,20,results/learning_rules/resnet18_cifar100/resnet18_cifar100_bp_gradproj_w0p5_e100_20260516_172525_13307945,123,True,100,0,0.5
100,0.7304,cifar100,,,0.13416588664664636,,,,,,,0.14301184104455417,0.98498095576568,,,,,,0.0,0.0,0.0,,,,,,0.13416588664664636,0.7299,True,True,0.01,,uniform,1.0,0.5,0.05,10,0.0,avg_corr2,warmup,task,bp,,cifar_resnet18,resnet18_cifar100_bp_gradproj_w0p5_e100,0.7295,0,20,results/learning_rules/resnet18_cifar100/resnet18_cifar100_bp_gradproj_w0p5_e100_20260516_172947_13307946,456,True,100,0,0.5
100,0.7541,cifar100,,,0.02854962358275033,,,,,,,0.13935981931074348,0.9805039678693116,,,,,,0.0,0.0,0.0,,,,,,0.02854962358275033,0.7541,True,True,0.01,,uniform,1.0,1.0,0.05,10,0.0,avg_corr2,warmup,task,bp,,cifar_resnet18,resnet18_cifar100_bp_gradproj_w1_e100,0.7534,0,20,results/learning_rules/resnet18_cifar100/resnet18_cifar100_bp_gradproj_w1_e100_20260516_164701_13307938,42,True,100,0,1
100,0.7547,cifar100,,,0.029890199270470978,,,,,,,0.13644486360032776,0.9819520686593508,,,,,,0.0,0.0,0.0,,,,,,0.029890199270470978,0.7533,True,True,0.0111,,uniform,1.0,1.0,0.05,10,0.0,avg_corr2,warmup,task,bp,,cifar_resnet18,resnet18_cifar100_bp_gradproj_w1_e100,0.7546,0,20,results/learning_rules/resnet18_cifar100/resnet18_cifar100_bp_gradproj_w1_e100_20260516_164744_13307939,123,True,100,0,1
100,0.757,cifar100,,,0.029107127791208685,,,,,,,0.1398438629282215,0.9801569780272902,,,,,,0.0,0.0,0.0,,,,,,0.029107127791208685,0.757,True,True,0.01,,uniform,1.0,1.0,0.05,10,0.0,avg_corr2,warmup,task,bp,,cifar_resnet18,resnet18_cifar100_bp_gradproj_w1_e100,0.7566,0,20,results/learning_rules/resnet18_cifar100/resnet18_cifar100_bp_gradproj_w1_e100_20260516_170111_13307940,456,True,100,0,1
100,0.7531,cifar100,,,0.027680901824818242,,,,,,,0.127457396688459,0.9882065330701112,,,,,,0.0,0.0,0.0,,,,,,0.027680901824818242,0.7517,True,True,0.01,,uniform,1.0,0.5,0.05,10,0.0,avg_corr2,warmup,task,bp,,cifar_resnet18,resnet18_cifar100_bp_gradproj_w1_e100,0.7532,0,20,results/learning_rules/resnet18_cifar100/resnet18_cifar100_bp_gradproj_w1_e100_20260516_173004_13307947,42,True,100,0,1
100,0.7588,cifar100,,,0.028705047443509102,,,,,,,0.13208424983608064,0.9873040232512036,,,,,,0.0,0.0,0.0,,,,,,0.028705047443509102,0.7588,True,True,0.0111,,uniform,1.0,0.5,0.05,10,0.0,avg_corr2,warmup,task,bp,,cifar_resnet18,resnet18_cifar100_bp_gradproj_w1_e100,0.7589,0,20,results/learning_rules/resnet18_cifar100/resnet18_cifar100_bp_gradproj_w1_e100_20260516_174334_13307948,123,True,100,0,1
100,0.7593,cifar100,,,0.02916004532552741,,,,,,,0.12454844761230141,0.9886657734889821,,,,,,0.0,0.0,0.0,,,,,,0.02916004532552741,0.7584,True,True,0.01,,uniform,1.0,0.5,0.05,10,0.0,avg_corr2,warmup,task,bp,,cifar_resnet18,resnet18_cifar100_bp_gradproj_w1_e100,0.7595,0,20,results/learning_rules/resnet18_cifar100/resnet18_cifar100_bp_gradproj_w1_e100_20260516_174338_13307949,456,True,100,0,1
41,0.5729,cifar100,,,1.4067846929935544,,,,0.8939877910534745,1.0612725480480476,0.012096477289083581,,,0.09464757313280153,9.791462917705939,0.10601218973804219,0.09747481491578905,0.8942625315979015,0.04953685249475872,0.3,0.014861055748427615,0.010149343004341622,,,0.523938723826957,0.012096477289083581,1.4216457460542469,0.5729,False,False,0.0129,,uniform,1.0,,0.05,10,0.3,avg_corr2,warmup,task,bp_hull,,cifar_resnet18,resnet18_cifar100_bp_hull_w0p35_lam0p3_e100,,5,20,results/learning_rules/resnet18_cifar100/resnet18_cifar100_bp_hull_w0p35_lam0p3_e100_20260515_175057_13121656,42,False,100,10,0.35
41,0.5747,cifar100,,,1.4112468994486973,,,,0.8855630876615525,1.0404440232174468,0.011907015169692023,,,0.093071514706287,9.805059176515746,0.11443689391731525,0.09601420270173786,0.8851764064158318,0.04872131418160466,0.3,0.014616394254481396,0.017559383984376533,,,0.5238885601005898,0.011907015169692023,1.4258632958697541,0.5421,False,False,0.0099,,uniform,1.0,,0.05,10,0.3,avg_corr2,warmup,task,bp_hull,,cifar_resnet18,resnet18_cifar100_bp_hull_w0p35_lam0p3_e100,,5,20,results/learning_rules/resnet18_cifar100/resnet18_cifar100_bp_hull_w0p35_lam0p3_e100_20260515_175057_13121657,123,False,100,10,0.35
40,0.585,cifar100,,,1.4011603627363434,,,,0.8918515097302245,1.022525592577166,0.01167426864244997,,,0.09627189622129623,9.759949171634577,0.10814847098431221,0.09179615269851747,0.8926906690649371,0.05023441269345905,0.3,0.015070323808037715,0.010309569365394807,,,0.5231505881985437,0.01167426864244997,1.4162306901439072,0.5281,False,False,0.0099,,uniform,1.0,,0.05,10,0.3,avg_corr2,warmup,task,bp_hull,,cifar_resnet18,resnet18_cifar100_bp_hull_w0p35_lam0p3_e100,,5,20,results/learning_rules/resnet18_cifar100/resnet18_cifar100_bp_hull_w0p35_lam0p3_e100_20260515_180056_13121658,456,False,100,10,0.35
100,0.7177,cifar100,,,0.27478525107321533,,,,0.8476560292341525,0.8955008585122716,0.010754515883176947,,,0.0954937048370728,9.748076542320145,0.15234395048379804,0.14691174885171396,0.8479293161264773,0.04976184880527694,0.3,0.014928554641583082,0.012478033827661664,,,0.5225041322429159,0.010754515883176947,0.289713807080103,0.7171,True,True,0.0129,,uniform,1.0,,0.05,10,0.3,avg_corr2,warmup,task,bp_hull,,cifar_resnet18,resnet18_cifar100_bp_hull_w0p35_lam0p3_e100,0.7179,5,20,results/learning_rules/resnet18_cifar100/resnet18_cifar100_bp_hull_w0p35_lam0p3_e100_20260516_121354_13305322,42,True,100,10,0.35
100,0.7153,cifar100,,,0.27218123321490517,,,,0.8430232033857608,0.9001549394198632,0.011009199595477203,,,0.09083554738432251,9.791605444454472,0.15697677769978657,0.1524187717312958,0.843918670146056,0.04744157041696941,0.3,0.014232471125090823,-0.0040969663123099085,,,0.5228483014170773,0.011009199595477203,0.28641370445718545,0.7123,True,True,0.0099,,uniform,1.0,,0.05,10,0.3,avg_corr2,warmup,task,bp_hull,,cifar_resnet18,resnet18_cifar100_bp_hull_w0p35_lam0p3_e100,0.7154,5,20,results/learning_rules/resnet18_cifar100/resnet18_cifar100_bp_hull_w0p35_lam0p3_e100_20260516_121354_13305323,123,True,100,10,0.35
100,0.7194,cifar100,,,0.27879501094141274,,,,0.8420524917600095,0.8853137324402188,0.010833293500216744,,,0.10079076525938639,9.719381429533215,0.15794748850475682,0.14844309205776204,0.8426682264527393,0.05251440463011222,0.3,0.015754321389033665,0.004273203880068967,,,0.5225456215688946,0.010833293500216744,0.2945493331650639,0.7182,True,True,0.0099,,uniform,1.0,,0.05,10,0.3,avg_corr2,warmup,task,bp_hull,,cifar_resnet18,resnet18_cifar100_bp_hull_w0p35_lam0p3_e100,0.7189,5,20,results/learning_rules/resnet18_cifar100/resnet18_cifar100_bp_hull_w0p35_lam0p3_e100_20260516_121943_13305324,456,True,100,10,0.35
32,0.5556,cifar100,,,1.419470018438061,,,,0.9300470060247296,1.4700035454930438,0.01239955926165425,,,0.09760496964120795,9.819297474424554,0.06995298252023409,0.08570757342865301,0.9302784933077406,0.05109579909754836,0.3,0.015328739729264507,0.0069035440474167695,,,0.5241150994816094,0.01239955926165425,1.434798760334854,0.5275,False,False,0.0097,,uniform,1.0,,0.05,10,0.3,avg_corr2,warmup,task,bp_hull,,cifar_resnet18,resnet18_cifar100_bp_hull_w0p5_lam0p3_e100,,5,20,results/learning_rules/resnet18_cifar100/resnet18_cifar100_bp_hull_w0p5_lam0p3_e100_20260515_181122_13121659,42,False,100,10,0.5
31,0.5556,cifar100,,,1.4340311441275164,,,,0.9301009846236695,1.474674424603032,0.01223884625704256,,,0.10023478652014763,9.787064418158565,0.0698990025886727,0.08676002850974504,0.9298677344989908,0.05237244638373785,0.3,0.015711733915121356,0.020235011953355996,,,0.5230822275323639,0.01223884625704256,1.4497428790992484,0.5526,False,False,0.01,,uniform,1.0,,0.05,10,0.3,avg_corr2,warmup,task,bp_hull,,cifar_resnet18,resnet18_cifar100_bp_hull_w0p5_lam0p3_e100,,5,20,results/learning_rules/resnet18_cifar100/resnet18_cifar100_bp_hull_w0p5_lam0p3_e100_20260515_182801_13121660,123,False,100,10,0.5
29,0.5534,cifar100,,,1.4437566904155799,,,,0.9314352844072427,1.5337110265977494,0.012785664989083468,,,0.09976539764067399,9.782486812659855,0.06856470443962628,0.08663429269026547,0.9316678187197744,0.05216130412295651,0.3,0.015648391236886952,0.007023956322037378,,,0.5241900567279746,0.012785664989083468,1.4594050844002258,0.5534,False,False,0.01,,uniform,1.0,,0.05,10,0.3,avg_corr2,warmup,task,bp_hull,,cifar_resnet18,resnet18_cifar100_bp_hull_w0p5_lam0p3_e100,,5,20,results/learning_rules/resnet18_cifar100/resnet18_cifar100_bp_hull_w0p5_lam0p3_e100_20260515_195554_13121661,456,False,100,10,0.5
100,0.7324,cifar100,,,0.13482232748166376,,,,0.8825040399799563,1.1812313182915455,0.010427614520864404,,,0.09535711361166765,9.800711317135558,0.11749594624534927,0.15222121427904528,0.882651189411693,0.04964418150960942,0.3,0.014893254452882825,0.012309702543835552,,,0.5214464570479017,0.010427614520864404,0.1497155823137449,0.7319,True,True,0.0097,,uniform,1.0,,0.05,10,0.3,avg_corr2,warmup,task,bp_hull,,cifar_resnet18,resnet18_cifar100_bp_hull_w0p5_lam0p3_e100,0.7318,5,20,results/learning_rules/resnet18_cifar100/resnet18_cifar100_bp_hull_w0p5_lam0p3_e100_20260516_122124_13305326,42,True,100,10,0.5
100,0.7307,cifar100,,,0.13505190224065194,,,,0.8875668920519411,1.1788702131372866,0.01028972223507213,,,0.0987615972804977,9.75794836956522,0.11243309471162975,0.14936533488516882,0.8873928318319424,0.05136529646832925,0.3,0.015409588940498774,0.010043362739590398,,,0.5213158902190532,0.01028972223507213,0.15046149179758622,0.729,True,True,0.01,,uniform,1.0,,0.05,10,0.3,avg_corr2,warmup,task,bp_hull,,cifar_resnet18,resnet18_cifar100_bp_hull_w0p5_lam0p3_e100,0.7305,5,20,results/learning_rules/resnet18_cifar100/resnet18_cifar100_bp_hull_w0p5_lam0p3_e100_20260516_125454_13305327,123,True,100,10,0.5
100,0.7291,cifar100,,,0.1383100166497633,,,,0.8838669671655616,1.1492228200135133,0.010066465343839355,,,0.0973211529967196,9.742683024296678,0.11613301959910302,0.14581518392325518,0.883649384076028,0.0505990498530133,0.3,0.015179714955903988,0.011549607621192318,,,0.5209228364098096,0.010066465343839355,0.15348973218589793,0.7282,True,True,0.01,,uniform,1.0,,0.05,10,0.3,avg_corr2,warmup,task,bp_hull,,cifar_resnet18,resnet18_cifar100_bp_hull_w0p5_lam0p3_e100,0.7283,5,20,results/learning_rules/resnet18_cifar100/resnet18_cifar100_bp_hull_w0p5_lam0p3_e100_20260516_125617_13305328,456,True,100,10,0.5
17,0.5565,cifar100,,,1.477073647177128,,,,0.9798928484434982,3.074926291444265,0.012412891812827087,,,0.10514658454738916,9.772664242327366,0.02010714869421181,0.05154925065579542,0.9799528405184638,0.05492940687043283,0.3,0.01647882206112985,0.007871838035563754,,,0.5232311694594601,0.012412891812827087,1.4935524695364715,0.5565,False,False,0.01,,uniform,1.0,,0.05,10,0.3,avg_corr2,warmup,task,bp_hull,,cifar_resnet18,resnet18_cifar100_bp_hull_w1_lam0p3_e100,,5,20,results/learning_rules/resnet18_cifar100/resnet18_cifar100_bp_hull_w1_lam0p3_e100_20260515_214144_13121662,42,False,100,10,1
17,0.548,cifar100,,,1.4743772748181276,,,,0.9812585016955511,3.004903535558687,0.012222795660176991,,,0.11132566234206445,9.704610074328642,0.01874149486436607,0.04939252475680208,0.981208347748308,0.0579533059045177,0.3,0.01738599177135531,0.013378394557659814,,,0.5221776338527574,0.012222795660176991,1.4917632682853952,0.5327,False,False,0.0111,,uniform,1.0,,0.05,10,0.3,avg_corr2,warmup,task,bp_hull,,cifar_resnet18,resnet18_cifar100_bp_hull_w1_lam0p3_e100,,5,20,results/learning_rules/resnet18_cifar100/resnet18_cifar100_bp_hull_w1_lam0p3_e100_20260515_224347_13121663,123,False,100,10,1
19,0.5603,cifar100,,,1.4265383001788499,,,,0.9780499332091395,3.0437084324233936,0.012247437468077556,,,0.10602133498453269,9.750335677749364,0.021950063733079585,0.055576090903368826,0.9779926635039125,0.05527742126065752,0.3,0.016583226378197254,0.014794964484477278,,,0.5228071451339579,0.012247437468077556,1.4431215230461276,0.5603,False,False,0.01,,uniform,1.0,,0.05,10,0.3,avg_corr2,warmup,task,bp_hull,,cifar_resnet18,resnet18_cifar100_bp_hull_w1_lam0p3_e100,,5,20,results/learning_rules/resnet18_cifar100/resnet18_cifar100_bp_hull_w1_lam0p3_e100_20260515_225342_13121664,456,False,100,10,1
57,0.6676,cifar100,,,0.756546537589539,,,,0.9632215033254353,3.0209077138539446,0.012112296175028854,,,0.10822037274441916,9.736761708759591,0.0367784930512232,0.11091466032204107,0.9633866045938418,0.05622840408816972,0.3,0.016868521226450914,0.00665668028883779,,,0.5219574031279519,0.012112296175028854,0.7734150593847875,0.6328,False,False,0.01,,uniform,1.0,,0.05,10,0.3,avg_corr2,warmup,task,bp_hull,,cifar_resnet18,resnet18_cifar100_bp_hull_w1_lam0p3_e100,,5,20,results/learning_rules/resnet18_cifar100/resnet18_cifar100_bp_hull_w1_lam0p3_e100_20260516_130420_13305329,42,False,100,10,1
57,0.6492,cifar100,,,0.7558199600947787,,,,0.9646978687142468,3.0022548797240267,0.012188391497900861,,,0.11307864290521567,9.684223145780049,0.03530212868650533,0.11166299255761045,0.964665636321163,0.05880300832145354,0.3,0.017640902496436062,0.01036113816396815,,,0.522091835253227,0.012188391497900861,0.7734608641061027,0.6422,False,False,0.0111,,uniform,1.0,0.0,0.05,10,0.3,avg_corr2,warmup,task,bp_hull,,cifar_resnet18,resnet18_cifar100_bp_hull_w1_lam0p3_e100,,5,20,results/learning_rules/resnet18_cifar100/resnet18_cifar100_bp_hull_w1_lam0p3_e100_20260516_140152_13305330,123,False,100,10,1
57,0.6634,cifar100,,,0.7434436800077443,,,,0.9629340389271832,3.1145141070403763,0.01265215579611774,,,0.11105435127511527,9.71877097985933,0.037065958716329596,0.11666897897953918,0.9633709473683101,0.05787772444241187,0.3,0.01736331733272356,0.0014115818466283745,,,0.5229245362150701,0.01265215579611774,0.7608069974138304,0.6634,False,False,0.01,,uniform,1.0,0.0,0.05,10,0.3,avg_corr2,warmup,task,bp_hull,,cifar_resnet18,resnet18_cifar100_bp_hull_w1_lam0p3_e100,,5,20,results/learning_rules/resnet18_cifar100/resnet18_cifar100_bp_hull_w1_lam0p3_e100_20260516_140154_13305331,456,False,100,10,1
100,0.7591,cifar100,,,0.029227804795117177,,,,0.04081920563360046,0.08104963712282581,,,,,,0.9591807907499622,2.3826622882214834,0.04086850960036296,0.021247857057339396,0.03,0.0006374357117201818,0.014560494457125813,,,0.5202717078197032,0.009711533450272767,0.029865240385217588,0.7591,True,True,0.0113,,uniform,1.0,,,,0.03,avg_corr2,warmup,task,bp_rtp,,resnet18,resnet18_cifar100_bp_rtp_lam0p03_e100,0.7592,5,20,results/learning_rules/resnet18_cifar100/resnet18_cifar100_bp_rtp_lam0p03_e100_20260514_122100_12873746,42,True,100,10,
100,0.7606,cifar100,,,0.02917467010543322,,,,0.04051225159110033,0.0806005286754293,,,,,,0.9594877438548274,2.3163897926340344,0.040639597156544784,0.0211037141330483,0.03,0.000633111423991449,0.014026713291292498,,,0.5195756650489308,0.009305967741078388,0.02980778148145322,0.7606,True,True,0.01,,uniform,1.0,,,,0.03,avg_corr2,warmup,task,bp_rtp,,resnet18,resnet18_cifar100_bp_rtp_lam0p03_e100,0.7606,5,20,results/learning_rules/resnet18_cifar100/resnet18_cifar100_bp_rtp_lam0p03_e100_20260514_122630_12873747,123,True,100,10,
100,0.7576,cifar100,,,0.029281694873157516,,,,0.03715102536296545,0.07341596034636527,,,,,,0.9628489702939977,2.327560194796117,0.03722105662426564,0.01934429961721153,0.1,0.0019344299617211531,0.012962849615426326,,,0.5199972726614277,0.009417977623740931,0.03121612486346146,0.7575,True,True,0.0113,,uniform,1.0,,,,0.1,avg_corr2,warmup,task,bp_rtp,,resnet18,resnet18_cifar100_bp_rtp_lam0p1_e100,0.7577,5,20,results/learning_rules/resnet18_cifar100/resnet18_cifar100_bp_rtp_lam0p1_e100_20260514_125028_12873748,42,True,100,10,
100,0.7588,cifar100,,,0.029350474376774505,,,,0.03767681560655362,0.07475182203337181,,,,,,0.9623231805270285,2.3411329545766653,0.03771566605002467,0.01959703590177819,0.1,0.001959703590177819,0.01657497823123781,,,0.5199911567141944,0.009486290851146124,0.03131017798934218,0.756,True,True,0.01,,uniform,1.0,,,,0.1,avg_corr2,warmup,task,bp_rtp,,resnet18,resnet18_cifar100_bp_rtp_lam0p1_e100,0.7583,5,20,results/learning_rules/resnet18_cifar100/resnet18_cifar100_bp_rtp_lam0p1_e100_20260514_131543_12873749,123,True,100,10,
100,0.757,cifar100,,,0.02869416791898058,,,,0.03160418669128662,0.06535858246086935,,,,,,0.9683958098940236,2.3332425548992766,0.03169906048337595,0.016485218558927327,0.3,0.004945565567678198,0.00924059960796424,,,0.5203189292603435,0.009436237739200772,0.03363973364862792,0.7539,True,True,0.0113,,uniform,1.0,,,,0.3,avg_corr2,warmup,task,bp_rtp,,resnet18,resnet18_cifar100_bp_rtp_lam0p3_e100,0.7564,5,20,results/learning_rules/resnet18_cifar100/resnet18_cifar100_bp_rtp_lam0p3_e100_20260514_131724_12873750,42,True,100,10,
100,0.7574,cifar100,,,0.0288247409779245,,,,0.03216479715576773,0.06620652544520007,,,,,,0.9678352003512172,2.3416097133649085,0.032205281443203164,0.01674580623579147,0.3,0.005023741870737441,0.014150226447709033,,,0.5202490753491822,0.009364290431122793,0.03384848312496224,0.7567,True,True,0.01,,uniform,1.0,,,,0.3,avg_corr2,warmup,task,bp_rtp,,resnet18,resnet18_cifar100_bp_rtp_lam0p3_e100,0.7581,5,20,results/learning_rules/resnet18_cifar100/resnet18_cifar100_bp_rtp_lam0p3_e100_20260514_132240_12873751,123,True,100,10,
24,0.5702,cifar100,,,1.3417093034290597,,,,0.9453442270874671,3.0223731367698736,0.01236849004523563,,,,,0.05465577007821418,0.08832538718882872,0.9466431849676626,0.49491890449353193,0.3,0.14847567134805958,0.00979842416476263,,,0.5227184674242878,0.01236849004523563,1.4901849830242069,0.5551,False,False,0.0113,,uniform,1.0,,,,0.3,ridge,warmup,task,bp_rtp,,resnet18,resnet18_cifar100_bp_rtp_lam0p3_e100,,5,20,results/learning_rules/resnet18_cifar100/resnet18_cifar100_bp_rtp_lam0p3_e100_20260515_023016_12989066,42,False,100,10,
20,0.5683,cifar100,,,1.3996442739311081,,,,0.9637543626987117,3.042718251625225,0.01244282119565339,,,,,0.03624563479208837,0.07159892716205282,0.9641984700165754,0.5042024767764693,0.3,0.1512607430329408,0.015421057231929224,,,0.5228723741248441,0.01244282119565339,1.550905026438291,0.5169,False,False,0.01,,uniform,1.0,,,,0.3,ridge,warmup,task,bp_rtp,,resnet18,resnet18_cifar100_bp_rtp_lam0p3_e100,,5,20,results/learning_rules/resnet18_cifar100/resnet18_cifar100_bp_rtp_lam0p3_e100_20260515_023304_12989068,123,False,100,10,
100,0.7567,cifar100,,,0.027964697438566125,,,,0.02392495108584939,0.05109515313408637,,,,,,0.9760750457530131,2.307437286777016,0.023974328713439155,0.012484748178468945,1.0,0.012484748178468945,0.013840887656226783,,,0.5207991223467889,0.009271114532995962,0.04044944561941697,0.7528,True,True,0.0113,,uniform,1.0,,,,1,avg_corr2,warmup,task,bp_rtp,,resnet18,resnet18_cifar100_bp_rtp_lam1_e100,0.7564,5,20,results/learning_rules/resnet18_cifar100/resnet18_cifar100_bp_rtp_lam1_e100_20260514_134630_12873752,42,True,100,10,
100,0.7595,cifar100,,,0.0297440819375579,,,,0.02466762556582499,0.05236618577882582,,,,,,0.9753323720620416,2.3361883630766496,0.02460360118340406,0.012815643828409865,1.0,0.012815643828409865,0.019372689258422133,,,0.5209159658083222,0.00936866016738275,0.04255972586362563,0.7581,True,True,0.01,,uniform,1.0,,,,1,avg_corr2,warmup,task,bp_rtp,,resnet18,resnet18_cifar100_bp_rtp_lam1_e100,0.759,5,20,results/learning_rules/resnet18_cifar100/resnet18_cifar100_bp_rtp_lam1_e100_20260514_135356_12873754,123,True,100,10,
100,0.7188,cifar100,,,0.2763107296298532,,,,,,,,,,,,,,-0.004194971119813488,0.3,-0.0012584913359440463,,,0.004194971035133252,,,0.2750522383033772,0.7185,True,True,0.0099,0.3,uniform,1.0,0.0,0.05,10,0.3,avg_corr2,warmup,task,bp_synergy,,cifar_resnet18,resnet18_cifar100_bp_synergy_w0p35_lam0p3_e100,0.7185,5,20,results/learning_rules/resnet18_cifar100/resnet18_cifar100_bp_synergy_w0p35_lam0p3_e100_20260517_182418_13534868,123,True,100,10,0.35
100,0.7216,cifar100,,,0.27192739490657813,,,,,,,,,,,,,,-0.004203203407561649,0.3,-0.0012609610222684947,,,0.00420320334057818,,,0.270666433836493,0.7216,True,True,0.0129,0.3,uniform,1.0,0.0,0.05,10,0.3,avg_corr2,warmup,task,bp_synergy,,cifar_resnet18,resnet18_cifar100_bp_synergy_w0p35_lam0p3_e100,0.7224,5,20,results/learning_rules/resnet18_cifar100/resnet18_cifar100_bp_synergy_w0p35_lam0p3_e100_20260517_182420_13534866,42,True,100,10,0.35
100,0.7202,cifar100,,,0.27897907865931615,,,,,,,,,,,,,,-0.004195903259379518,0.3,-0.0012587709778138553,,,0.004195903179388646,,,0.27772030714527723,0.7189,True,True,0.0099,0.3,uniform,1.0,0.0,0.05,10,0.3,avg_corr2,warmup,task,bp_synergy,,cifar_resnet18,resnet18_cifar100_bp_synergy_w0p35_lam0p3_e100,0.7202,5,20,results/learning_rules/resnet18_cifar100/resnet18_cifar100_bp_synergy_w0p35_lam0p3_e100_20260517_182420_13534870,456,True,100,10,0.35
100,0.7263,cifar100,,,0.13730540334263727,,,,,,,,,,,,,,-0.004160472816523269,0.3,-0.0012481418449569808,,,0.00416047275279258,,,0.13605726163481813,0.724,True,True,0.01,0.3,uniform,1.0,0.0,0.05,10,0.3,avg_corr2,warmup,task,bp_synergy,,cifar_resnet18,resnet18_cifar100_bp_synergy_w0p5_lam0p3_e100,0.7261,5,20,results/learning_rules/resnet18_cifar100/resnet18_cifar100_bp_synergy_w0p5_lam0p3_e100_20260517_182417_13534874,123,True,100,10,0.5
100,0.7263,cifar100,,,0.1326012497058,,,,,,,,,,,,,,-0.0041448425732629225,0.3,-0.0012434527719788768,,,0.004144842513097642,,,0.13135779690940666,0.7263,True,True,0.0097,0.3,uniform,1.0,0.0,0.05,10,0.3,avg_corr2,warmup,task,bp_synergy,,cifar_resnet18,resnet18_cifar100_bp_synergy_w0p5_lam0p3_e100,0.7261,5,20,results/learning_rules/resnet18_cifar100/resnet18_cifar100_bp_synergy_w0p5_lam0p3_e100_20260517_182431_13534872,42,True,100,10,0.5
100,0.732,cifar100,,,0.1383721492231807,,,,,,,,,,,,,,-0.004037843267147518,0.3,-0.0012113529801442552,,,0.0040378432100973095,,,0.13716079612903279,0.7295,True,True,0.01,0.3,uniform,1.0,0.0,0.05,10,0.3,avg_corr2,warmup,task,bp_synergy,,cifar_resnet18,resnet18_cifar100_bp_synergy_w0p5_lam0p3_e100,0.7318,5,20,results/learning_rules/resnet18_cifar100/resnet18_cifar100_bp_synergy_w0p5_lam0p3_e100_20260517_184319_13534876,456,True,100,10,0.5
100,0.7595,cifar100,,,0.028643464910157044,,,,,,,,,,,,,,-0.0038748423722536895,0.3,-0.0011624527116761067,,,0.0038748423285830595,,,0.027481012117794103,0.7595,True,True,0.01,0.3,uniform,1.0,0.0,0.05,10,0.3,avg_corr2,warmup,task,bp_synergy,,cifar_resnet18,resnet18_cifar100_bp_synergy_w1_lam0p3_e100,0.7607,5,20,results/learning_rules/resnet18_cifar100/resnet18_cifar100_bp_synergy_w1_lam0p3_e100_20260517_182213_13534678,456,True,100,10,1
100,0.7528,cifar100,,,0.028200923465192318,,,,,,,,,,,,,,-0.004044366396351448,0.3,-0.0012133099189054343,,,0.004044366328050489,,,0.02698761347890891,0.7527,True,True,0.01,0.3,uniform,1.0,0.0,0.05,10,0.3,avg_corr2,warmup,task,bp_synergy,,cifar_resnet18,resnet18_cifar100_bp_synergy_w1_lam0p3_e100,0.7525,5,20,results/learning_rules/resnet18_cifar100/resnet18_cifar100_bp_synergy_w1_lam0p3_e100_20260517_182256_13534654,42,True,100,10,1
100,0.7547,cifar100,,,0.03036047674505912,,,,,,,,,,,,,,-0.003930555165583349,0.3,-0.0011791665496750047,,,0.003930555094085434,,,0.029181310151944227,0.7547,True,True,0.0111,0.3,uniform,1.0,0.0,0.05,10,0.3,avg_corr2,warmup,task,bp_synergy,,cifar_resnet18,resnet18_cifar100_bp_synergy_w1_lam0p3_e100,0.7551,5,20,results/learning_rules/resnet18_cifar100/resnet18_cifar100_bp_synergy_w1_lam0p3_e100_20260517_182257_13534656,123,True,100,10,1
100,0.7583,cifar100,,,0.02840506355695026,,,,0.04147758833323235,0.08216359578096848,,,,,,0.9585224087204777,2.3735667205346593,0.041442523864300335,0.011227388206459677,0.03,0.0003368216461937903,0.016533902232700695,,,0.5203027333025738,0.009736120532048852,0.028741885200523964,0.7563,True,True,0.0113,,uniform,1.0,,,,0.03,avg_corr2,warmup,task,bp_tard,,resnet18,resnet18_cifar100_bp_tard_lam0p03_e100,0.7579,5,20,results/learning_rules/resnet18_cifar100/resnet18_cifar100_bp_tard_lam0p03_e100_20260514_102620_12873738,42,True,100,10,
100,0.7575,cifar100,,,0.02846333903291494,,,,0.042067588813117,0.08286685553421635,,,,,,0.9579324073879918,2.329573058319347,0.04206384139318886,0.011368169749389067,0.03,0.000341045092481672,0.017869334351125914,,,0.5197197379244258,0.00941497673867229,0.028804384152907543,0.7571,True,True,0.01,,uniform,1.0,,,,0.03,avg_corr2,warmup,task,bp_tard,,resnet18,resnet18_cifar100_bp_tard_lam0p03_e100,0.7571,5,20,results/learning_rules/resnet18_cifar100/resnet18_cifar100_bp_tard_lam0p03_e100_20260514_103326_12873739,123,True,100,10,
100,0.7578,cifar100,,,0.028764992263977943,,,,0.03884830979375487,0.07601957454135026,,,,,,0.9611516866613835,2.327946044353153,0.038951218748689086,0.010526749100583746,0.1,0.0010526749100583748,0.013243076469293642,,,0.5199409320150187,0.009418511809743972,0.029817667141880676,0.7578,True,True,0.0113,,uniform,1.0,,,,0.1,avg_corr2,warmup,task,bp_tard,,resnet18,resnet18_cifar100_bp_tard_lam0p1_e100,0.7579,5,20,results/learning_rules/resnet18_cifar100/resnet18_cifar100_bp_tard_lam0p1_e100_20260514_105713_12873740,42,True,100,10,
100,0.7573,cifar100,,,0.029342077562914175,,,,0.04046848235161181,0.07953880573607999,,,,,,0.9595315139083306,2.3403471808380356,0.040509083032574715,0.010944870600710288,0.1,0.0010944870600710288,0.017205910047548803,,,0.5197252382707714,0.009377266154536691,0.03043656463227461,0.7563,True,True,0.01,,uniform,1.0,,,,0.1,avg_corr2,warmup,task,bp_tard,,resnet18,resnet18_cifar100_bp_tard_lam0p1_e100,0.7569,5,20,results/learning_rules/resnet18_cifar100/resnet18_cifar100_bp_tard_lam0p1_e100_20260514_112252_12873741,123,True,100,10,
100,0.7552,cifar100,,,0.028902103824307548,,,,0.039818973891565676,0.07876775995911581,0.007596259582948537,,,,,0.9601810236568639,2.353123665320902,0.039968742057561985,0.010788952974635927,0.1,0.0010788952974635927,0.012394312722581458,0.007596259582948537,,0.5194249022266141,0.009522628419830988,0.029980999129393216,0.7539,True,True,0.0113,,uniform,1.0,,,,0.1,avg_corr2,warmup,rtc,bp_rtc_tard,,resnet18,resnet18_cifar100_bp_tard_lam0p1_e100,0.7553,5,20,results/learning_rules/resnet18_cifar100/resnet18_cifar100_bp_tard_lam0p1_e100_20260515_013337_12988921,42,True,100,10,
100,0.7584,cifar100,,,0.028525683145179316,,,,0.03913911906871324,0.07582258047986196,0.007541490469233298,,,,,0.9608608771010742,2.318771651726399,0.039235322702737996,0.010586128643978282,0.1,0.0010586128643978283,0.014707882558831186,0.007541490469233298,,0.5193628752094402,0.009338749332732788,0.029584296059597025,0.7581,True,True,0.01,,uniform,1.0,,,,0.1,avg_corr2,warmup,rtc,bp_rtc_tard,,resnet18,resnet18_cifar100_bp_tard_lam0p1_e100,0.7584,5,20,results/learning_rules/resnet18_cifar100/resnet18_cifar100_bp_tard_lam0p1_e100_20260515_013409_12988922,123,True,100,10,
100,0.7565,cifar100,,,0.02810352300400929,,,,0.039242104525842224,0.0775928482093671,0.009468517959126977,,,,,0.9607578920814999,2.321485253576845,0.03923753001655705,0.01062128694770891,0.1,0.001062128694770891,0.012958252730938969,,,0.5200915715006914,0.009468517959126977,0.029165651692110862,0.7542,True,True,0.0113,,uniform,1.0,,,,0.1,avg_corr2,warmup,task,bp_tard,,resnet18,resnet18_cifar100_bp_tard_lam0p1_e100,0.7565,0,20,results/learning_rules/resnet18_cifar100/resnet18_cifar100_bp_tard_lam0p1_e100_20260515_015040_12988988,42,True,100,0,
100,0.7591,cifar100,,,0.028980092838635226,,,,0.03957067722135489,0.07928499029773639,0.009458940252779317,,,,,0.9604293187179838,2.344482595390878,0.03945594791041883,0.010676378341358336,0.1,0.0010676378341358337,0.01899374077306082,,,0.5199015579145888,0.009458940252779317,0.030047730647522926,0.7584,True,True,0.01,,uniform,1.0,,,,0.1,avg_corr2,warmup,task,bp_tard,,resnet18,resnet18_cifar100_bp_tard_lam0p1_e100,0.7591,0,20,results/learning_rules/resnet18_cifar100/resnet18_cifar100_bp_tard_lam0p1_e100_20260515_020840_12988989,123,True,100,0,
100,0.7505,cifar100,,,0.028889397854733344,,,,0.04508206485806369,0.0876699786437342,0.009874915987644117,,,,,0.9549179322274444,2.410186358256375,0.04506539377333869,0.012198768067828682,0.1,0.0012198768067828683,0.019538933120954286,,,0.5202647952815458,0.009874915987644117,0.03010927467509304,0.7505,True,True,0.0113,,uniform,1.0,,,,0.1,avg_corr2,metric_triggered,task,bp_tard,94,resnet18,resnet18_cifar100_bp_tard_lam0p1_e100,0.7503,5,20,results/learning_rules/resnet18_cifar100/resnet18_cifar100_bp_tard_lam0p1_e100_20260515_020928_12989035,42,True,100,10,
100,0.7562,cifar100,,,0.02850366429047054,,,,0.04341159827442715,0.08020923309670665,0.009292100485281177,,,,,0.9565883955763439,2.3005789487722716,0.0435417473424569,0.011737958787728453,0.1,0.0011737958787728453,0.012158271290233539,,,0.5195575052210133,0.009292100485281177,0.02967746018686944,0.7561,True,True,0.01,,uniform,1.0,,,,0.1,avg_corr2,metric_triggered,task,bp_tard,88,resnet18,resnet18_cifar100_bp_tard_lam0p1_e100,0.7559,5,20,results/learning_rules/resnet18_cifar100/resnet18_cifar100_bp_tard_lam0p1_e100_20260515_021610_12989036,123,True,100,10,
100,0.765,cifar100,,,0.028886272876864048,,,,0.034761696705437474,0.07166218258261248,,,,,,0.9652383002783642,2.372825005297047,0.034803974785653814,0.009436666698711913,0.3,0.0028310000096135736,0.014217165554605919,,,0.5205022050672785,0.009629741187854684,0.031717272958887356,0.7616,True,True,0.0113,,uniform,1.0,,,,0.3,avg_corr2,warmup,task,bp_tard,,resnet18,resnet18_cifar100_bp_tard_lam0p3_e100,0.7651,5,20,results/learning_rules/resnet18_cifar100/resnet18_cifar100_bp_tard_lam0p3_e100_20260514_112412_12873742,42,True,100,10,
100,0.7586,cifar100,,,0.028965644778974373,,,,0.0352063038993789,0.06955975250709001,,,,,,0.9647936931199124,2.3083299337397976,0.03524094278414441,0.009526602704735362,0.3,0.0028579808114206086,0.013566012609796414,,,0.5199247844688727,0.009281595332546234,0.03182362558086738,0.7575,True,True,0.01,,uniform,1.0,,,,0.3,avg_corr2,warmup,task,bp_tard,,resnet18,resnet18_cifar100_bp_tard_lam0p3_e100,0.7585,5,20,results/learning_rules/resnet18_cifar100/resnet18_cifar100_bp_tard_lam0p3_e100_20260514_112945_12873743,123,True,100,10,
100,0.7569,cifar100,,,0.029065322816905464,,,,0.034708497457830306,0.07005321203193285,0.0075987942118282215,,,,,0.9652914990930591,2.326736733623688,0.03482686055054808,0.00940607871641131,0.3,0.0028218236149233932,0.010530060670286496,0.0075987942118282215,,0.5194162300023277,0.009368297615756348,0.03188714656092779,0.754,True,True,0.0113,,uniform,1.0,,,,0.3,avg_corr2,warmup,rtc,bp_rtc_tard,,resnet18,resnet18_cifar100_bp_tard_lam0p3_e100,0.7568,5,20,results/learning_rules/resnet18_cifar100/resnet18_cifar100_bp_tard_lam0p3_e100_20260515_013859_12988923,42,True,100,10,
100,0.7595,cifar100,,,0.029727465761325244,,,,0.03558339716907104,0.07311410664103186,0.007619501542373815,,,,,0.9644166010115157,2.3670203483089467,0.03553130383784298,0.009588983193363832,0.3,0.00287669495800915,0.01831816899681432,0.007619501542373815,,0.5194649496956552,0.009438708629865558,0.032604160832950986,0.7594,True,True,0.01,,uniform,1.0,,,,0.3,avg_corr2,warmup,rtc,bp_rtc_tard,,resnet18,resnet18_cifar100_bp_tard_lam0p3_e100,0.7593,5,20,results/learning_rules/resnet18_cifar100/resnet18_cifar100_bp_tard_lam0p3_e100_20260515_014050_12988924,123,True,100,10,
100,0.7588,cifar100,,,0.028956233488057582,,,,0.02841493762967649,0.060138576365682844,,,,,,0.9715850582741715,2.3532984870102482,0.028455186065386447,0.007730981461284563,1.0,0.007730981461284563,0.01572077069977874,,,0.5208487167154123,0.009539289352857113,0.03668721496125164,0.7565,True,True,0.0113,,uniform,1.0,,,,1,avg_corr2,warmup,task,bp_tard,,resnet18,resnet18_cifar100_bp_tard_lam1_e100,0.7584,5,20,results/learning_rules/resnet18_cifar100/resnet18_cifar100_bp_tard_lam1_e100_20260514_115352_12873744,42,True,100,10,
100,0.7587,cifar100,,,0.02983263094940454,,,,0.028495139151792567,0.058607889028638886,,,,,,0.9715048589441168,2.315408482172948,0.028411336693450664,0.007703262750449998,1.0,0.007703262750449998,0.018550999288858245,,,0.5204566925878414,0.009271820906102787,0.03753589359981477,0.7579,True,True,0.01,,uniform,1.0,,,,1,avg_corr2,warmup,task,bp_tard,,resnet18,resnet18_cifar100_bp_tard_lam1_e100,0.7583,5,20,results/learning_rules/resnet18_cifar100/resnet18_cifar100_bp_tard_lam1_e100_20260514_121918_12873745,123,True,100,10,
100,0.7186,cifar100,,,0.2718011685801894,,,,0.041816508104010025,0.032862827199189065,0.01087130989046151,,,,,0.9581834718775565,1.0090705099676394,0.04184607574847213,0.011413352904588822,0.1,0.0011413352904588823,0.01929805823288344,,,0.5227512226309007,0.01087130989046151,0.27294250415719074,0.7174,True,True,0.0129,,uniform,1.0,,,,0.1,avg_corr2,warmup,task,bp_tard,,cifar_resnet18,resnet18_cifar100_bp_tard_w0p35_lam0p1_e100,0.7187,5,20,results/learning_rules/resnet18_cifar100/resnet18_cifar100_bp_tard_w0p35_lam0p1_e100_20260515_010454_12988884,42,True,100,10,0.35
100,0.7171,cifar100,,,0.28029527772418067,,,,0.0451191243228486,0.03348255179369291,0.01069522538495398,,,,,0.9548808562633628,0.9967806668812762,0.044968417990843154,0.012287929487388457,0.1,0.0012287929487388458,0.029110414524528515,,,0.5227716139058018,0.01069522538495398,0.2815240710745077,0.7158,True,True,0.0099,,uniform,1.0,,,,0.1,avg_corr2,warmup,task,bp_tard,,cifar_resnet18,resnet18_cifar100_bp_tard_w0p35_lam0p1_e100,0.7165,5,20,results/learning_rules/resnet18_cifar100/resnet18_cifar100_bp_tard_w0p35_lam0p1_e100_20260515_010659_12988885,123,True,100,10,0.35
100,0.7179,cifar100,,,0.2726101368055929,,,,0.03895751796400801,0.03152689908143154,0.010907176654683754,,,,,0.9610424629105331,1.0188640745947397,0.03887618056205497,0.010636329219755157,0.3,0.0031908987659265468,0.02187933021325217,,,0.523238724241476,0.010907176654683754,0.27580103537310724,0.7154,True,True,0.0129,,uniform,1.0,,,,0.3,avg_corr2,warmup,task,bp_tard,,cifar_resnet18,resnet18_cifar100_bp_tard_w0p35_lam0p3_e100,0.7186,5,20,results/learning_rules/resnet18_cifar100/resnet18_cifar100_bp_tard_w0p35_lam0p3_e100_20260515_011336_12988888,42,True,100,10,0.35
100,0.7192,cifar100,,,0.2771555066413587,,,,0.03947069350620519,0.02998925964053629,0.010405376699471456,,,,,0.9605292839238704,0.9664532089828632,0.039624133750277055,0.010762731644713208,0.3,0.003228819493413962,0.017278059903698403,,,0.5218650086532771,0.010405376699471456,0.2803843266442609,0.7178,True,True,0.0099,,uniform,1.0,,,,0.3,avg_corr2,warmup,task,bp_tard,,cifar_resnet18,resnet18_cifar100_bp_tard_w0p35_lam0p3_e100,0.7196,5,20,results/learning_rules/resnet18_cifar100/resnet18_cifar100_bp_tard_w0p35_lam0p3_e100_20260515_013006_12988889,123,True,100,10,0.35
100,0.7196,cifar100,,,0.26581551675753823,,,,0.03857803290216801,0.030828161320916748,0.010940251885393753,,,,,0.9614219472536341,1.0164390134788295,0.038776274035325055,0.01057464441718043,0.3,0.003172393325154129,0.01980025067172906,,,0.5230159469349001,0.010940251885393753,0.26898790964537567,0.7165,True,True,0.0099,,uniform,1.0,,0.05,10,0.3,avg_corr2,warmup,task,bp_tard,,cifar_resnet18,resnet18_cifar100_bp_tard_w0p35_lam0p3_e100,0.7181,5,20,results/learning_rules/resnet18_cifar100/resnet18_cifar100_bp_tard_w0p35_lam0p3_e100_20260515_171434_13121609,456,True,100,10,0.35
100,0.7175,cifar100,,,0.27013930983250706,,,,0.039415558077194865,0.030878518595937248,0.01063748321832319,,,,,0.96058442020965,0.9918574909696852,0.039381157508944074,0.010719720302792767,0.3,0.00321591609083783,0.023461788516780057,,,0.5221543951488821,0.01063748321832319,0.27335522668745815,0.7159,True,True,0.0089,,uniform,1.0,,0.05,10,0.3,avg_corr2,warmup,task,bp_tard,,cifar_resnet18,resnet18_cifar100_bp_tard_w0p35_lam0p3_e100,0.7179,5,20,results/learning_rules/resnet18_cifar100/resnet18_cifar100_bp_tard_w0p35_lam0p3_e100_20260515_171709_13121610,789,True,100,10,0.35
100,0.7206,cifar100,,,0.28669451329561757,,,,0.04093056999473258,0.031320604729591785,0.010649448012165866,,,,,0.9590694097149407,1.0014613201984635,0.04093853265292409,0.011156817864807671,0.3,0.0033470453594423013,0.025200502007067978,,,0.5225440943065813,0.010649448012165866,0.2900415588827694,0.7176,True,True,0.0105,,uniform,1.0,,0.05,10,0.3,avg_corr2,warmup,task,bp_tard,,cifar_resnet18,resnet18_cifar100_bp_tard_w0p35_lam0p3_e100,0.7199,5,20,results/learning_rules/resnet18_cifar100/resnet18_cifar100_bp_tard_w0p35_lam0p3_e100_20260515_171714_13121611,1011,True,100,10,0.35
100,0.7304,cifar100,,,0.13465730989794902,,,,0.04292118711280339,0.04307835753559008,0.010518317458913856,,,,,0.9570788010992968,1.3022561251343043,0.04283808311233131,0.011659079562405797,0.1,0.0011659079562405797,0.02635448485183426,,,0.5218803554201676,0.010518317458913856,0.13582321770889375,0.7282,True,True,0.0097,,uniform,1.0,,,,0.1,avg_corr2,warmup,task,bp_tard,,cifar_resnet18,resnet18_cifar100_bp_tard_w0p5_lam0p1_e100,0.7303,5,20,results/learning_rules/resnet18_cifar100/resnet18_cifar100_bp_tard_w0p5_lam0p1_e100_20260515_005021_12988882,42,True,100,10,0.5
100,0.733,cifar100,,,0.13953776901487805,,,,0.041664050513273425,0.03966171174154428,0.009885809384896773,,,,,0.9583359362752846,1.2338919369777757,0.04170006885898333,0.011323318545184934,0.1,0.0011323318545184934,0.020323785779179832,,,0.5213371144459992,0.009885809384896773,0.14067010097491467,0.7302,True,True,0.01,,uniform,1.0,,,,0.1,avg_corr2,warmup,task,bp_tard,,cifar_resnet18,resnet18_cifar100_bp_tard_w0p5_lam0p1_e100,0.7329,5,20,results/learning_rules/resnet18_cifar100/resnet18_cifar100_bp_tard_w0p5_lam0p1_e100_20260515_005205_12988883,123,True,100,10,0.5
100,0.7315,cifar100,,,0.13643348436145222,,,,0.03936504049636332,0.03981593567538585,0.010417371270317662,,,,,0.9606349468840963,1.2894665269550318,0.03895074467286659,0.010618607303999422,0.3,0.0031855821911998265,0.03717328138551377,,,0.5217995466859752,0.010417371270317662,0.1396190668349071,0.7304,True,True,0.0097,,uniform,1.0,,,,0.3,avg_corr2,warmup,task,bp_tard,,cifar_resnet18,resnet18_cifar100_bp_tard_w0p5_lam0p3_e100,0.7314,5,20,results/learning_rules/resnet18_cifar100/resnet18_cifar100_bp_tard_w0p5_lam0p3_e100_20260515_010853_12988886,42,True,100,10,0.5
100,0.7299,cifar100,,,0.13781648119697182,,,,0.03824849392518478,0.03777993215667649,0.010036482954266197,,,,,0.9617514936286777,1.2550396398543504,0.03817022905537328,0.01037654488602334,0.3,0.0031129634658070018,0.026729247842512325,,,0.5215503535802711,0.010036482954266197,0.140929444785923,0.7299,True,True,0.01,,uniform,1.0,,,,0.3,avg_corr2,warmup,task,bp_tard,,cifar_resnet18,resnet18_cifar100_bp_tard_w0p5_lam0p3_e100,0.7296,5,20,results/learning_rules/resnet18_cifar100/resnet18_cifar100_bp_tard_w0p5_lam0p3_e100_20260515_011204_12988887,123,True,100,10,0.5
100,0.7293,cifar100,,,0.134447718653685,,,,0.03816496093574044,0.037297306990760386,0.009972742040630587,,,,,0.9618350247897761,1.2616094776894897,0.038076622529512716,0.010338152472949242,0.3,0.0031014457418847723,0.025115820473147418,,,0.5211864045971191,0.009972742040630587,0.1375491645882654,0.7283,True,True,0.01,,uniform,1.0,,0.05,10,0.3,avg_corr2,warmup,task,bp_tard,,cifar_resnet18,resnet18_cifar100_bp_tard_w0p5_lam0p3_e100,0.728,5,20,results/learning_rules/resnet18_cifar100/resnet18_cifar100_bp_tard_w0p5_lam0p3_e100_20260515_172112_13121612,456,True,100,10,0.5
100,0.7271,cifar100,,,0.14033246061304952,,,,0.03679571762476163,0.03718738196870028,0.010042239038810066,,,,,0.9632042686576433,1.2665939825884713,0.03698821980125076,0.01007008786215578,0.3,0.003021026358646734,0.018390512422100116,,,0.521944263447886,0.010042239038810066,0.14335348687665847,0.7267,True,True,0.01,,uniform,1.0,,0.05,10,0.3,avg_corr2,warmup,task,bp_tard,,cifar_resnet18,resnet18_cifar100_bp_tard_w0p5_lam0p3_e100,0.7272,5,20,results/learning_rules/resnet18_cifar100/resnet18_cifar100_bp_tard_w0p5_lam0p3_e100_20260515_173123_13121613,789,True,100,10,0.5
100,0.7316,cifar100,,,0.13942087959031316,,,,0.03854223947205086,0.038256351349746115,0.010139386212374939,,,,,0.9614577468094012,1.2657873227299108,0.0388897797263101,0.010551956001087985,0.3,0.0031655868003263956,0.006371549535847724,,,0.5216182164676352,0.010139386212374939,0.14258646641088568,0.7305,True,True,0.0104,,uniform,1.0,,0.05,10,0.3,avg_corr2,warmup,task,bp_tard,,cifar_resnet18,resnet18_cifar100_bp_tard_w0p5_lam0p3_e100,0.7316,5,20,results/learning_rules/resnet18_cifar100/resnet18_cifar100_bp_tard_w0p5_lam0p3_e100_20260515_174817_13121614,1011,True,100,10,0.5
100,0.72,cifar100,,,0.27382943967876533,3.2524037179175838,1.0,0.15814440902567745,0.04028672851714995,0.03062532834572181,0.010835963589332216,,,,,0.9597132527919687,1.005902279129781,0.04027498988649042,0.009587153250499227,0.3,0.002876145975149768,0.02261772551575096,,,0.5231683883939862,0.010835963589332216,0.2767055857059596,0.7174,True,True,0.0129,,dtm_depth,1.0,,0.05,10,0.3,avg_corr2,warmup,task,bp_tard,,cifar_resnet18,resnet18_cifar100_bp_tard_xlayer_w0p35_lam0p3_e100,0.7207,5,20,results/learning_rules/resnet18_cifar100/resnet18_cifar100_bp_tard_xlayer_w0p35_lam0p3_e100_20260516_080922_13121676,42,True,100,10,0.35
100,0.719,cifar100,,,0.27888378874420205,3.276915241947124,1.0,0.14052125148469738,0.039588386175053565,0.02981911096238813,0.01062558255599909,,,,,0.9604115928149288,0.9958274560995977,0.039818938197020204,0.009400299083336693,0.3,0.0028200897250010076,0.01522707799881438,,,0.5226636265016266,0.01062558255599909,0.28170387835606286,0.7185,True,True,0.0099,,dtm_depth,1.0,,0.05,10,0.3,avg_corr2,warmup,task,bp_tard,,cifar_resnet18,resnet18_cifar100_bp_tard_xlayer_w0p35_lam0p3_e100,0.7185,5,20,results/learning_rules/resnet18_cifar100/resnet18_cifar100_bp_tard_xlayer_w0p35_lam0p3_e100_20260516_080923_13121678,456,True,100,10,0.35
100,0.7208,cifar100,,,0.2768378439919113,3.1463337668367513,1.0,0.1552386282385647,0.04154410682847279,0.03096484082758868,0.010815448453519614,,,,,0.9584558730997391,1.003142292462789,0.041592501214993645,0.009801350351746963,0.3,0.002940405105524089,0.021528604897221505,,,0.5226323529163284,0.010815448453519614,0.2797782490854068,0.7178,True,True,0.0099,,dtm_depth,1.0,,0.05,10,0.3,avg_corr2,warmup,task,bp_tard,,cifar_resnet18,resnet18_cifar100_bp_tard_xlayer_w0p35_lam0p3_e100,0.7204,5,20,results/learning_rules/resnet18_cifar100/resnet18_cifar100_bp_tard_xlayer_w0p35_lam0p3_e100_20260516_080925_13121677,123,True,100,10,0.35
100,0.7285,cifar100,,,0.13811765942732088,3.4599202197649985,1.0,0.17285292614789105,0.040220810033028506,0.03776400122905265,0.01018963951239056,,,,,0.9597791781968165,1.2640338099502086,0.040049391752704395,0.009208363844105578,0.3,0.0027625091532316732,0.024207093503345087,,,0.5218112046151518,0.01018963951239056,0.14088016826554636,0.7278,True,True,0.01,,dtm_depth,1.0,,0.05,10,0.3,avg_corr2,warmup,task,bp_tard,,cifar_resnet18,resnet18_cifar100_bp_tard_xlayer_w0p5_lam0p3_e100,0.7289,5,20,results/learning_rules/resnet18_cifar100/resnet18_cifar100_bp_tard_xlayer_w0p5_lam0p3_e100_20260516_080923_13121680,123,True,100,10,0.5
100,0.7307,cifar100,,,0.13285418874238764,3.26898967174649,1.0,0.15109765467947436,0.03950056014237139,0.0373975265649525,0.010133798121024506,,,,,0.9604994263490452,1.255877223739621,0.03944715514417039,0.009111610550881194,0.3,0.0027334831652643583,0.026784676554125815,,,0.5216639801288198,0.010133798121024506,0.13558767206223724,0.7307,True,True,0.0097,,dtm_depth,1.0,,0.05,10,0.3,avg_corr2,warmup,task,bp_tard,,cifar_resnet18,resnet18_cifar100_bp_tard_xlayer_w0p5_lam0p3_e100,0.7309,5,20,results/learning_rules/resnet18_cifar100/resnet18_cifar100_bp_tard_xlayer_w0p5_lam0p3_e100_20260516_080924_13121679,42,True,100,10,0.5
100,0.7273,cifar100,,,0.13919620028199137,3.4680358472519552,1.0,0.15360349656609357,0.040767362697140506,0.03867721951504409,0.010191601777026158,,,,,0.959232624427741,1.2810416516412022,0.04066758650162108,0.009411760275978643,0.3,0.002823528082793593,0.02664070230952849,,,0.5214208109528203,0.010191601777026158,0.1420197287369567,0.727,True,True,0.01,,dtm_depth,1.0,,0.05,10,0.3,avg_corr2,warmup,task,bp_tard,,cifar_resnet18,resnet18_cifar100_bp_tard_xlayer_w0p5_lam0p3_e100,0.7276,5,20,results/learning_rules/resnet18_cifar100/resnet18_cifar100_bp_tard_xlayer_w0p5_lam0p3_e100_20260516_080935_13121681,456,True,100,10,0.5
100,0.7612,cifar100,,,0.02802948623209658,4.328317881106659,1.0,0.15406241499052642,0.037466496559660264,0.06876026437387986,0.009351404496323306,,,,,0.962533500226562,2.309565809639672,0.03743653482664615,0.008742177913732389,0.3,0.0026226533741197165,0.01623816793289989,,,0.5201905938518013,0.009351404496323306,0.030652139759848793,0.7597,True,True,0.01,,dtm_depth,1.0,,0.05,10,0.3,avg_corr2,warmup,task,bp_tard,,cifar_resnet18,resnet18_cifar100_bp_tard_xlayer_w1_lam0p3_e100,0.7617,5,20,results/learning_rules/resnet18_cifar100/resnet18_cifar100_bp_tard_xlayer_w1_lam0p3_e100_20260516_080957_13121683,42,True,100,10,1
100,0.7609,cifar100,,,0.02956914481566385,4.084136518821985,1.0,0.15991001963327073,0.037172508868805645,0.06698317627328423,0.009333541255225149,,,,,0.9628274876900648,2.292989451921239,0.03723447777561919,0.008530909614756589,0.3,0.0025592728844269766,0.015381165234660743,,,0.5201655631251352,0.009333541255225149,0.03212841779774869,0.7592,True,True,0.0111,,dtm_depth,1.0,,0.05,10,0.3,avg_corr2,warmup,task,bp_tard,,cifar_resnet18,resnet18_cifar100_bp_tard_xlayer_w1_lam0p3_e100,0.7604,5,20,results/learning_rules/resnet18_cifar100/resnet18_cifar100_bp_tard_xlayer_w1_lam0p3_e100_20260516_081149_13121684,123,True,100,10,1
100,0.7598,cifar100,,,0.028537212856723677,4.140716333648745,1.0,0.15212187113187764,0.03690438866758209,0.06813849036595505,0.009491343845394762,,,,,0.9630956088414264,2.343629179548594,0.036866955734941816,0.008496939142703858,0.3,0.002549081742811157,0.01945234328808663,,,0.5202770603129934,0.009491343845394762,0.03108629469743089,0.7594,True,True,0.01,,dtm_depth,1.0,,0.05,10,0.3,avg_corr2,warmup,task,bp_tard,,cifar_resnet18,resnet18_cifar100_bp_tard_xlayer_w1_lam0p3_e100,0.7605,5,20,results/learning_rules/resnet18_cifar100/resnet18_cifar100_bp_tard_xlayer_w1_lam0p3_e100_20260516_081546_13121685,456,True,100,10,1
